<?xml version="1.0" encoding="UTF-8"?>
<!DOCTYPE mapper PUBLIC "-//mybatis.org//DTD Mapper 3.0//EN" "http://mybatis.org/dtd/mybatis-3-mapper.dtd">

<mapper namespace="city.dao.mapper.MenuMapper">
    
    <select id="getModule" resultType="city.domain.ComboData">
        SELECT  M.id,
                M.name
        FROM    (
            SELECT  module_id
            FROM    TB_EQUIPMENT
            WHERE   is_used = 1
                    <choose>
                        <when test="deptId == 0">
                            AND domain_id = #{locationId}
                        </when>
                        <otherwise>
                            AND workspace_id = #{locationId}
                        </otherwise>
                    </choose>
            GROUP BY module_id
        ) E
        INNER JOIN  TB_EQUIPMENT_MODULE M
        ON E.module_id = M.id
        ORDER BY m.name ASC
    </select>
    
    
    <resultMap id="resultMenuItem" type="city.menu.service.MenuItem">
       <result property="id" column="id"/>
       <result property="menuId" column="menu_id"/>
       <result property="name" column="name"/> 
       <result property="href" column="href"/>
       <result property="icon" column="icon"/>
       <result property="parentId" column="parent_id" />
    </resultMap>
    
    <select id="getMenuList" resultMap="resultMenuItem">
        SELECT  A.id,
                A.menu_id,
                A.name,
                A.href,
                A.icon,
                A.`order`,
                A.parent_id
        FROM    TB_MENU A, TB_MENU_GRADES B
        WHERE   A.id = B.menu_id
        		AND (A.id>=1000)
                <choose>
                    <when test="typeId == -1000">
                        AND B.grade_id = 0
                    </when>
                    <otherwise>
                        AND B.grade_id = #{typeId}
                    </otherwise>
                </choose>
                
        ORDER BY `order` ASC
    </select>
    
    
    
    
       
    <select id="getParentMenuItem" resultMap="resultMenuItem">
        SELECT 
            b.id,
            b.menu_id,
            b.name,
            b.href,
            b.icon 
        FROM ${schema}.tb_menu_grant_mapping a
        INNER JOIN ${schema}.tb_menu b
            ON b.id = a.menu_id
        WHERE a.user_grant_id = #{userGrant}
        ORDER BY rank
    </select>
    
    <select id="getMenuItem" resultMap="resultMenuItem">
        SELECT 
            a.id,
            a.menu_id,
            a.name,
            a.href,
            a.icon 
        FROM ${schema}.tb_menu a
        WHERE parent_id = #{parentId}
    </select>
    
    <select id="getMappingMenuItem" resultMap="resultMenuItem">
        SELECT 
            a.id,
            a.menu_id,
            a.name,
            a.href,
            a.icon 
        FROM ${schema}.tb_menu a
        WHERE a.href IS NOT NULL
    </select>
    
    
    
    
    <select id="getDepthByWorkspace" resultType="Integer">
        SELECT  depth_id
        FROM    TB_LOCATION
        WHERE   id = #{workspaceId}
    </select>
    
    <select id="getTabList" resultType="city.menu.service.MenuItem">
        SELECT  id, name
        FROM    TB_DT_DG
        ORDER BY `order` ASC
    <!--
        SELECT  id,
                name
        FROM    TB_LOCATION
        WHERE   domain_id = #{domainId}
                AND depth_id = 3
                AND is_used = 1
    -->
    </select>
    
    
</mapper>