<?xml version="1.0" encoding="UTF-8"?>
<!DOCTYPE mapper PUBLIC "-//mybatis.org//DTD Mapper 3.0//EN" "http://mybatis.org/dtd/mybatis-3-mapper.dtd">

<mapper namespace="city.dao.mapper.UserMapper">
    
    <select id="getUserInfo" resultType="city.domain.User">
        SELECT  IF(PASSWORD('${userPass}') = U.user_pass, U.id, -1000) AS id,
                U.user_name AS userName,
                L.domain_id AS domainId,
                L.parent_id AS groupId,
                L.id AS workspaceId,
                L.domain AS workspace,
                L.depth_id AS typeId,
                L.depth_id AS deptId,
                CG.id AS gradeId,
                CG.name AS gradeName,
                U.active,
                U.alarm
        FROM    (
            SELECT  *
            FROM    TB_USERS
            WHERE   user_id = #{userId}
        ) U
        INNER JOIN  TB_CODE_GRADE CG
        ON U.grade_id = CG.id
        INNER JOIN  TB_LOCATION L
        ON U.ws_id = L.id
            AND L.domain = #{workspace}
    </select>

    <select id="getDomainWorkspaceInfo" resultType="city.domain.User">
        SELECT  C.id AS domainId,
                C.name AS domain,
                D.id AS workspaceId,
                D.domain AS workspace
        FROM    TB_DOMAIN C, TB_LOCATION D
        WHERE   C.id = D.domain_id
                AND D.domain = #{workspace}
    </select>

	<select id="getExistWorkspace" resultType="Integer">
        SELECT  id
        FROM    TB_LOCATION
        WHERE   domain = #{workspace}
    </select>
    
	<select id="getUserList" resultType="city.domain.User">
        SELECT  U.id,
                U.user_id AS userId,
                U.user_name AS userName,
                U.grade_id AS gradeId,
                U.department,
                U.position,
                U.phone,
                U.cellular,
                U.email,
                U.alarm,
                CG.name AS gradeName,
                L.name AS workspace
        FROM    (
            SELECT  *
            FROM    TB_USERS
            WHERE   ws_id = #{user.workspaceId}
        ) U
        INNER JOIN  TB_CODE_GRADE CG
        ON U.grade_id = CG.id
        INNER JOIN  TB_LOCATION L
        ON U.ws_id = L.id
        ORDER BY U.id DESC
        LIMIT   #{start}, #{limit}
    </select>
    
    <select id="getUserCount" resultType="Integer">
        SELECT  COUNT(*)
        FROM    (
            SELECT  *
            FROM    TB_USERS
            WHERE   ws_id = #{workspaceId}
        ) U
        INNER JOIN  TB_CODE_GRADE CG
        ON U.grade_id = CG.id
        INNER JOIN  TB_LOCATION L
        ON U.ws_id = L.id
        ORDER BY U.id DESC
    </select>
    
	<select id="getUserGrantList" resultType="city.domain.ComboData">
        SELECT  id,
                name
        FROM    TB_CODE_GRADE
        <where>
            <choose>
                <when test="deptId == 0">
                    type = 2
                </when>
                <otherwise>
                    type = 1
                </otherwise>
            </choose>
        </where>
        ORDER BY id ASC
    </select>
        
     <insert id="insertUser">
        INSERT INTO TB_USERS
                    (
                        id, 
                        ws_id, 
                        user_id, 
                        user_pass, 
                        user_name, 
                        grade_id, 
                        active, 
                        alarm, 
                        department, 
                        phone, 
                        cellular, 
                        email,
                        position
                    )
        VALUES      (
                        #{id}, 
                        #{workspaceId},
                        #{userId},
                        PASSWORD('${userPass}'),
                        #{userName},
                        #{gradeId},
                        #{active},
                        #{alarm},
                        #{department},
                        #{phone},
                        #{cellular},
                        #{email},
                        #{position}
                    )
    </insert>
   
    <update id="updateUser">
        UPDATE  TB_USERS
        SET     <if test="userPass != null and userPass != ''">
                    user_pass = PASSWORD('${userPass}'),
                </if>
                user_name = #{userName},
                grade_id = #{gradeId},
                active = #{active}, 
                alarm = #{alarm}, 
                department = #{department}, 
                phone = #{phone}, 
                cellular = #{cellular}, 
                email = #{email},
                position = #{position}
        WHERE   id = #{id}
    </update>
    
    <delete id="deleteUser">
        DELETE FROM TB_USERS
        WHERE       id = #{id}
    </delete>
    
    <select id="getSelfInfo" resultType="city.domain.User">
        SELECT  A.user_id AS userId,
                A.user_name AS userName,
                A.position,
                A.department,
                A.phone,
                A.cellular,
                A.email,
                A.alarm,
                B.name AS gradeName
        FROM    TB_USERS A, TB_CODE_GRADE B
        WHERE   A.grade_id = B.id
                AND A.ws_id = #{workspaceId}
                AND A.id = #{id}
    </select>
    
    <select id="checkSelfPass" resultType="city.domain.User">
        SELECT  user_id, 
                if(user_pass = password(#{userPass}), true, false) AS userPass 
        FROM    TB_USERS
        WHERE   ws_id = #{workspaceId}
                AND user_id = #{userId}
    </select>
    
    <update id="updateSelfInfo">
        UPDATE  TB_USERS
        SET     user_pass = if(password(#{userPass}) = "", user_pass, password(#{userPass})),
                user_name = #{userName},
                department = #{department},
                position = #{position},
                phone = #{phone},
                cellular = #{cellular},
                email = #{email},
                alarm = #{alarm}
        WHERE   ws_id = #{workspaceId}
                AND user_id = #{userId}
   </update>

    <resultMap id="resultCombo" type="city.domain.ComboData">
        <result property="id" column="id"></result>
        <result property="name" column="name"></result>
        <result property="subName" column="sub_name"></result>
    </resultMap>
    
    <select id="getUserName"  resultType="String">
        SELECT  user_name
        FROM    TB_USERS
        WHERE   id = #{id}
    </select>
    
    <select id="getUserEmails" resultType="String">
        SELECT  email
        FROM    TB_USERS
        WHERE   ws_id = #{ws}
                AND alarm = 1
                AND active = 1
                AND email REGEXP "^[a-zA-Z0-9._-]+@[a-zA-Z0-9-]+\.[a-zA-Z.]{2,10}$"
    </select>
    
    <select id="getCheckIp" resultType="Integer">
    	SELECT	COUNT(*)
    	FROM	TB_HOST_INFO
    	WHERE	host = #{ip}
    </select>
    
    <!-- 
    <select id="getHostInfo" resultType="sm.web.system.user.HostFilter">
    	SELECT	id, host, remark
    	FROM	TB_HOST_INFO
    	ORDER BY id DESC
    	LIMIT   #{start}, #{limit}
    </select>
     -->
     
    <select id="getHostInfoCount" resultType="Integer">
    	SELECT	COUNT(*)
    	FROM	TB_HOST_INFO
    </select>
    
<!-- 
	<insert id="insertHost">
		INSERT INTO	TB_HOST_INFO
					(host, remark)
		VALUES		(#{host}, #{remark})
	</insert>
	
	<update id="updateHost">
		UPDATE	TB_HOST_INFO
		SET		host = #{host},
				remark = #{remark}
		WHERE 	id = #{id}
	</update>
	
	<delete id="deleteHost">
		DELETE FROM	TB_HOST_INFO
		WHERE		id = #{id}
	</delete>
	 -->
</mapper>