<?xml version="1.0" encoding="UTF-8"?>
<!DOCTYPE mapper PUBLIC "-//mybatis.org//DTD Mapper 3.0//EN" "http://mybatis.org/dtd/mybatis-3-mapper.dtd">

<mapper namespace="city.dao.mapper.ScDashboardMapper">
    
    <select id="getCurrCateToe" resultType="city.beans.ScDashboardItem">
        select
        round(SUM(CASE WHEN clas_a = 1 THEN d_c END) * e.tonnage_of_oil_equivalent, 3) AS value,
        round(SUM(CASE WHEN clas_a = 2 THEN d_c END) * e.tonnage_of_oil_equivalent, 3) AS value2,
        round(SUM(CASE WHEN clas_a = 3 THEN d_c END) * e.tonnage_of_oil_equivalent, 3) AS value3,
        round(SUM(CASE WHEN clas_a = 4 THEN d_c END) * e.tonnage_of_oil_equivalent, 3) AS value4
        from tb_used u
        left join tb_equip_cate ec on ec.id=u.equip_cate
        left join tb_energy e on e.id=ec.energy_id
        where insert_date >= SUBSTR(#{date}, 1, 7);        
    </select>
	
	<select id="getCurrEnergyToe" resultType="city.beans.ScDashboardItem">
        select
        round(SUM(CASE WHEN ec.energy_id = 1 THEN d_c END) * e.tonnage_of_oil_equivalent, 3) AS value,
        round(SUM(CASE WHEN ec.energy_id = 2 THEN d_c END) * e.tonnage_of_oil_equivalent, 3) AS value2,
        round(SUM(CASE WHEN ec.energy_id = 3 THEN d_c END) * e.tonnage_of_oil_equivalent, 3) AS value3,
        round(SUM(CASE WHEN ec.energy_id = 4 THEN d_c END) * e.tonnage_of_oil_equivalent, 3) AS value4,
        round(SUM(CASE WHEN ec.energy_id = 5 THEN d_c END) * e.tonnage_of_oil_equivalent, 3) AS value5
        from tb_used u
        left join tb_equip_cate ec on ec.id=u.equip_cate
        left join tb_energy e on e.id=ec.energy_id
        where insert_date >= SUBSTR(#{date}, 1, 7);     
    </select>
    
    <select id="getCurrEnergyPieToe" resultType="city.beans.ScDashboardItem">
        select
        round(SUM(CASE WHEN ec.energy_id = 1 THEN d_c END) * e.tonnage_of_oil_equivalent, 3) AS value,
        round(SUM(CASE WHEN ec.energy_id = 2 THEN d_c END) * e.tonnage_of_oil_equivalent, 3) AS value2,
        round(SUM(CASE WHEN ec.energy_id = 3 THEN d_c END) * e.tonnage_of_oil_equivalent, 3) AS value3,
        round(SUM(CASE WHEN ec.energy_id = 4 THEN d_c END) * e.tonnage_of_oil_equivalent, 3) AS value4,
        round(SUM(CASE WHEN ec.energy_id = 5 THEN d_c END) * e.tonnage_of_oil_equivalent, 3) AS value5
        from tb_used u
        left join tb_equip_cate ec on ec.id=u.equip_cate
        left join tb_energy e on e.id=ec.energy_id
        where clas_a=#{clasA} and insert_date >= SUBSTR(#{date}, 1, 7);     
    </select>
    
    <select id="getCurrEnergyBar" resultType="city.beans.ScDashboardItem">
        select
        round(SUM(CASE WHEN ec.energy_id = 1 THEN d_c END) * e.tonnage_of_oil_equivalent, 3) AS value,
        round(SUM(CASE WHEN ec.energy_id = 2 THEN d_c END) * e.tonnage_of_oil_equivalent, 3) AS value2,
        round(SUM(CASE WHEN ec.energy_id = 3 THEN d_c END) * e.tonnage_of_oil_equivalent, 3) AS value3,
        round(SUM(CASE WHEN ec.energy_id = 4 THEN d_c END) * e.tonnage_of_oil_equivalent, 3) AS value4,
        round(SUM(CASE WHEN ec.energy_id = 5 THEN d_c END) * e.tonnage_of_oil_equivalent, 3) AS value5,
        round(SUM(CASE WHEN ec.energy_id = 1 THEN d_c END), 0) AS unit,
        round(SUM(CASE WHEN ec.energy_id = 2 THEN d_c END), 0) AS unit2,
        round(SUM(CASE WHEN ec.energy_id = 3 THEN d_c END), 0) AS unit3,
        round(SUM(CASE WHEN ec.energy_id = 4 THEN d_c END), 0) AS unit4,
        round(SUM(CASE WHEN ec.energy_id = 5 THEN d_c END), 0) AS unit5
        from tb_used u
        left join tb_equip_cate ec on ec.id=u.equip_cate
        left join tb_energy e on e.id=ec.energy_id
        where clas_a=#{clasA} and insert_date >= SUBSTR(#{date}, 1, 7);     
    </select>
</mapper>