<?xml version="1.0" encoding="UTF-8"?>
<!DOCTYPE mapper PUBLIC "-//mybatis.org//DTD Mapper 3.0//EN" "http://mybatis.org/dtd/mybatis-3-mapper.dtd">

<mapper namespace="city.dao.mapper.ScIndustryDemandMapper">

	<select id="getEnergyList" resultType="city.domain.ComboData">
        SELECT  EY.code AS id,
                EY.source AS name
        FROM
        TB_ENERGY EY
        WHERE EY.code != 100 AND EY.type = 0 AND EY.is_used = 1
        GROUP BY EY.code
        ORDER BY EY.source ASC
    </select>
    
    <select id="getClasBList" resultType="city.domain.ComboData">
		SELECT  C.id AS id,
				C.name AS name,
				C.sub_name AS subName
		FROM
		TB_CLAS C
		WHERE C.depth = 2 
		<!--<if test="clasA != 0">
			and  #{clasB} --> 
			AND C.parent=3 <!-- modify --> 
		<!-- </if> -->
		ORDER BY C.id ASC
    </select>
    
    <select id="getClasCList" resultType="city.domain.ComboData">
		SELECT  C.id AS id,
				C.name AS name,
				C.sub_name AS subName
		FROM
		TB_CLAS C
		WHERE C.parent=#{clasB} 
		ORDER BY C.id ASC
    </select>
    
    <select id="getClasList" resultType="city.domain.ComboData">
		SELECT  C.id AS id,
				C.name AS name,
				C.sub_name AS subName
		FROM
		TB_CLAS C
		WHERE ${clasField} = #{clasC}
		ORDER BY C.id ASC
    </select>
    
    <select id="getChartList" resultType="city.beans.Cl"> 
    	SELECT   
		
        u.insert_date as insertDate
        <foreach item="item" collection="list" separator=" ">	
			, SUM(CASE WHEN clas_c = #{item.id} THEN d_c END) AS ${item.subName}		
		</foreach>
		
        FROM tb_used u
        LEFT JOIN tb_equip_cate ec ON ec.id=u.equip_cate
        WHERE 
     	
     	ec.energy_id=#{energy} AND
		
		<choose>
     		<when test="periodType.equals(0)"> SUBSTR(u.insert_date, 1, 7) = SUBSTR(#{date}, 1, 7) AND </when>
     		<when test="periodType.equals(1)"> SUBSTR(u.insert_date, 1, 4) = SUBSTR(#{date}, 1, 4) AND </when>
   		</choose>

        u.item=1
           
		<choose>
     		<when test="periodType.equals(0)"> GROUP BY u.insert_date; </when>
     		<when test="periodType.equals(1)"> GROUP BY substr(u.insert_date, 1, 7); </when>
   		</choose>
    </select>
    
    
    
    
    
    
    
    
    
    
    
    
    
    
    
    
    
    
    
    
    
    <!-- 
    <resultMap type="city.beans.ClasB" id="resultClasB">
        <result property="regidential" column="regidential"/>
        <result property="commercial" column="commercial"/>
        <result property="research" column="research"/>
        <result property="educational" column="educational"/>
        <result property="publ" column="publ"/>    
        <result property="medical" column="medical"/>    
        <result property="religious" column="religious"/>
        
        <result property="industrial" column="industrial"/> 
        
        <result property="automobile" column="automobile"/> 
        <result property="electricVehicleCharger" column="electricVehicleCharger"/> 
        <result property="park" column="park"/> 
        <result property="urbanInfra" column="urbanInfra"/> 
        <result property="streetLight" column="streetLight"/> 
        <result property="trafficLight" column="trafficLight"/>
        <result property="insertDate" column="insert_date"/>    
    </resultMap>
   

   	<select id="getClassBChartList" resultMap="resultClasB"> 
    	select   
		u.insert_date,
        SUM(CASE WHEN clas_b = 11 THEN d_c END) AS regidential,
        SUM(CASE WHEN clas_b = 21 THEN d_c END) AS commercial,
        SUM(CASE WHEN clas_b = 22 THEN d_c END) AS research,
        SUM(CASE WHEN clas_b = 23 THEN d_c END) AS educational,
        SUM(CASE WHEN clas_b = 24 THEN d_c END) AS publ,
        SUM(CASE WHEN clas_b = 25 THEN d_c END) AS medical,
        SUM(CASE WHEN clas_b = 26 THEN d_c END) AS religious,
        SUM(CASE WHEN clas_b = 31 THEN d_c END) AS industrial,
        SUM(CASE WHEN clas_b = 41 THEN d_c END) AS automobile,
        SUM(CASE WHEN clas_b = 42 THEN d_c END) AS electricVehicleCharger,
        SUM(CASE WHEN clas_b = 43 THEN d_c END) AS park,
        SUM(CASE WHEN clas_b = 44 THEN d_c END) AS urbanInfra,
        SUM(CASE WHEN clas_b = 45 THEN d_c END) AS streetLight,
        SUM(CASE WHEN clas_b = 46 THEN d_c END) AS trafficLight
        from tb_used u
        where 
     
		<choose>
     		<when test="periodType.equals(0)"> substr(u.insert_date, 1, 7) = substr(#{date}, 1, 7) and </when>
     		<when test="periodType.equals(1)"> substr(u.insert_date, 1, 4) = substr(#{date}, 1, 4) and </when>
   		</choose>

        u.energy=#{energy} and
        u.item=1 
            
        <if test="clas != 0">
			and u.clas_a=#{clas} 
		</if>
	
		<choose>
     		<when test="periodType.equals(0)"> group by u.insert_date; </when>
     		<when test="periodType.equals(1)"> group by substr(u.insert_date, 1, 7); </when>
   		</choose>
    </select>
    

   	<select id="getClassB1ChartList" resultMap="resultClasB"> 
    	select   
		u.insert_date,
        SUM(CASE WHEN clas_b = 11 THEN d_c END) AS regidential
        from tb_used u
        where 
     
		<choose>
     		<when test="periodType.equals(0)"> substr(u.insert_date, 1, 7) = substr(#{date}, 1, 7) and </when>
     		<when test="periodType.equals(1)"> substr(u.insert_date, 1, 4) = substr(#{date}, 1, 4) and </when>
   		</choose>

        u.energy=#{energy} and
        u.item=1 
            
        <if test="clas != 0">
			and u.clas_a=#{clas} 
		</if>
	
		<choose>
     		<when test="periodType.equals(0)"> group by u.insert_date; </when>
     		<when test="periodType.equals(1)"> group by substr(u.insert_date, 1, 7); </when>
   		</choose>
    </select>
    

    <select id="getClassB2ChartList" resultMap="resultClasB"> 
    	select   
		u.insert_date,
        SUM(CASE WHEN clas_b = 21 THEN d_c END) AS commercial,
        SUM(CASE WHEN clas_b = 22 THEN d_c END) AS research,
        SUM(CASE WHEN clas_b = 23 THEN d_c END) AS educational,
        SUM(CASE WHEN clas_b = 24 THEN d_c END) AS publ,
        SUM(CASE WHEN clas_b = 25 THEN d_c END) AS medical,
        SUM(CASE WHEN clas_b = 26 THEN d_c END) AS religious
        from tb_used u
        where 
     
		<choose>
     		<when test="periodType.equals(0)"> substr(u.insert_date, 1, 7) = substr(#{date}, 1, 7) and </when>
     		<when test="periodType.equals(1)"> substr(u.insert_date, 1, 4) = substr(#{date}, 1, 4) and </when>
   		</choose>

        u.energy=#{energy} and
        u.item=1 
            
        <if test="clas != 0">
			and u.clas_a=#{clas} 
		</if>
	
		<choose>
     		<when test="periodType.equals(0)"> group by u.insert_date; </when>
     		<when test="periodType.equals(1)"> group by substr(u.insert_date, 1, 7); </when>
   		</choose>
    </select>
    
 
    <select id="getClassB3ChartList" resultMap="resultClasB"> 
    	select   
		u.insert_date,
        SUM(CASE WHEN clas_b = 31 THEN d_c END) AS industrial
        from tb_used u
        where 
     
		<choose>
     		<when test="periodType.equals(0)"> substr(u.insert_date, 1, 7) = substr(#{date}, 1, 7) and </when>
     		<when test="periodType.equals(1)"> substr(u.insert_date, 1, 4) = substr(#{date}, 1, 4) and </when>
   		</choose>

        u.energy=#{energy} and
        u.item=1 
            
        <if test="clas != 0">
			and u.clas_a=#{clas} 
		</if>
	
		<choose>
     		<when test="periodType.equals(0)"> group by u.insert_date; </when>
     		<when test="periodType.equals(1)"> group by substr(u.insert_date, 1, 7); </when>
   		</choose>
    </select>
    

    <select id="getClassB4ChartList" resultMap="resultClasB"> 
    	select   
		u.insert_date,
        SUM(CASE WHEN clas_b = 41 THEN d_c END) AS automobile,
        SUM(CASE WHEN clas_b = 42 THEN d_c END) AS electricVehicleCharger,
        SUM(CASE WHEN clas_b = 43 THEN d_c END) AS park,
        SUM(CASE WHEN clas_b = 44 THEN d_c END) AS urbanInfra,
        SUM(CASE WHEN clas_b = 45 THEN d_c END) AS streetLight,
        SUM(CASE WHEN clas_b = 46 THEN d_c END) AS trafficLight
        from tb_used u
        where 
     
		<choose>
     		<when test="periodType.equals(0)"> substr(u.insert_date, 1, 7) = substr(#{date}, 1, 7) and </when>
     		<when test="periodType.equals(1)"> substr(u.insert_date, 1, 4) = substr(#{date}, 1, 4) and </when>
   		</choose>

        u.energy=#{energy} and
        u.item=1 
            
        <if test="clas != 0">
			and u.clas_a=#{clas} 
		</if>
	
		<choose>
     		<when test="periodType.equals(0)"> group by u.insert_date; </when>
     		<when test="periodType.equals(1)"> group by substr(u.insert_date, 1, 7); </when>
   		</choose>
    </select>
    
    
    
   
    -->
    
</mapper>