<?xml version="1.0" encoding="UTF-8"?>
<!DOCTYPE mapper PUBLIC "-//mybatis.org//DTD Mapper 3.0//EN" "http://mybatis.org/dtd/mybatis-3-mapper.dtd">

<mapper namespace="city.dao.mapper.ScManageEnergyMapper">

	<select id="getEnergyList" resultType="city.domain.ComboData">
        SELECT  EY.code AS id,
                EY.source AS name
        FROM
        TB_ENERGY EY
        WHERE EY.code != 100 AND EY.type = 0 AND EY.is_used = 1
        GROUP BY EY.code
        ORDER BY EY.source ASC
    </select>
    
    <select id="getClasAList" resultType="city.domain.ComboData">
		SELECT  C.id AS id,
				C.name AS name,
				C.sub_name AS subName
		FROM
		TB_CLAS C
		WHERE C.depth = 1
		ORDER BY C.id ASC
    </select>
    
    <select id="getClasList" resultType="city.domain.ComboData">
		SELECT  C.id AS id,
				C.name AS name,
				C.sub_name AS subName
		FROM
		TB_CLAS C
		WHERE ${clasField} = #{clasA}
		ORDER BY C.id ASC
    </select>
    
    <select id="getChartList" resultType="city.beans.Cl"> 
    	SELECT   
		
        u.insert_date as insertDate
        <foreach item="item" collection="list" separator=" ">	
			, SUM(CASE WHEN clas_a = #{item.id} THEN d_c END) AS ${item.subName}		
		</foreach>
		
        FROM tb_used u
        LEFT JOIN tb_equip_cate ec ON ec.id=u.equip_cate
        WHERE 
     	
     	ec.energy_id=#{energy} AND
     
		<choose>
     		<when test="periodType.equals(0)"> SUBSTR(u.insert_date, 1, 7) = SUBSTR(#{date}, 1, 7) AND </when>
     		<when test="periodType.equals(1)"> SUBSTR(u.insert_date, 1, 4) = SUBSTR(#{date}, 1, 4) AND </when>
   		</choose>

        u.item=1
           
		<choose>
     		<when test="periodType.equals(0)"> GROUP BY u.insert_date; </when>
     		<when test="periodType.equals(1)"> GROUP BY substr(u.insert_date, 1, 7); </when>
   		</choose>
    </select>
    
</mapper>