<?xml version="1.0" encoding="UTF-8"?>
<!DOCTYPE mapper PUBLIC "-//mybatis.org//DTD Mapper 3.0//EN" "http://mybatis.org/dtd/mybatis-3-mapper.dtd">

<mapper namespace="city.dao.mapper.ScManageAnalyticsMapper">

	<select id="getEnergyList" resultType="city.domain.ComboData">
        SELECT  EY.code AS id,
                EY.source AS name
        FROM
        TB_ENERGY EY
        WHERE EY.code != 100 AND EY.type = 0 AND EY.is_used = 1
        GROUP BY EY.code
        ORDER BY EY.source ASC
    </select>
    
    <select id="getClasAList" resultType="city.domain.ComboData">
		SELECT  C.id AS id,
				C.name AS name,
				C.sub_name AS subName
		FROM
		TB_CLAS C
		WHERE C.depth = 1
		ORDER BY C.id ASC
    </select>
    
    <select id="getClasBList" resultType="city.domain.ComboData">
		SELECT  C.id AS id,
				C.name AS name,
				C.sub_name AS subName
		FROM
		TB_CLAS C
		WHERE C.depth = 2 
		and C.parent=#{clasA} 
		ORDER BY C.id ASC
    </select>
    
    <select id="getClasCList" resultType="city.domain.ComboData">
		SELECT  C.id AS id,
				C.name AS name,
				C.sub_name AS subName
		FROM
		TB_CLAS C
		WHERE C.depth = 3 
		and C.parent=#{clasB} 
		ORDER BY C.id ASC
    </select>
    
    <select id="getEqCateList" resultType="city.domain.ComboData">
	    SELECT id, name, sub_name AS subName
	    FROM tb_equip_cate
		WHERE energy_id=#{energy} and clas_id=#{clasC}
		ORDER by id ASC;
    </select>
    
    <select id="getClasList" resultType="city.domain.ComboData">
		SELECT  C.id AS id,
				C.name AS name,
				C.sub_name AS subName
		FROM
		TB_CLAS C
		WHERE ${clasField} = #{clasA}
		ORDER BY C.id ASC
    </select>
    
    
    <select id="getChartList" resultType="city.beans.Cl"> 
		SELECT   
		SUBSTR(u.insert_date, 1, 7) as insertDate
		<foreach item="item" collection="list" separator=" ">	
			, SUM(CASE WHEN clas_a = #{item.id} THEN d_c END) AS ${item.subName}		
		</foreach>
		
		FROM tb_used u
		left join tb_equip_cate ec on ec.id=u.equip_cate
		WHERE 
		ec.energy_id=#{energy} and
		<choose>
     		<when test="periodType.equals(0)"> (SUBSTR(u.insert_date, 1, 4) = SUBSTR(#{date}, 1, 4) OR SUBSTR(u.insert_date, 1, 4) = SUBSTR(date_sub((#{date}), interval 1 year), 1, 4)) AND </when>
     		<when test="periodType.equals(1)"> SUBSTR(u.insert_date, 1, 4) = SUBSTR(#{date}, 1, 4) AND </when>
   		</choose>
		 
		u.item=1
		
		<choose>
     		<when test="periodType.equals(0)"> GROUP BY SUBSTR(u.insert_date, 1, 7); </when>
     		<when test="periodType.equals(1)"> GROUP BY SUBSTR(u.insert_date, 1, 7); </when>
   		</choose>
   		
		
		; 
    
    
    
    
    </select>

     
     
    
    <select id="getSeasonChartList" resultType="city.beans.Cl"> 
		SELECT  
		SUBSTR(u.insert_date, 6, 2) as insertDate
		<foreach item="item" collection="list" separator=" ">	
			, SUM(CASE WHEN clas_a = #{item.id} THEN d_c END) AS ${item.subName}		
		</foreach> 
				
		FROM tb_used u
		left join tb_equip_cate ec on ec.id=u.equip_cate
		
		WHERE 
		ec.energy_id=#{energy} AND
		(SUBSTR(u.insert_date, 6, 2) >='03' AND SUBSTR(u.insert_date, 6, 2) <![CDATA[<=]]> '12') AND
		SUBSTR(u.insert_date, 1, 4) = SUBSTR(#{date}, 1, 4) AND 
		u.item=1
		GROUP BY SUBSTR(u.insert_date, 1, 7)
   		   				
		union all
		
		SELECT  
		SUBSTR(u.insert_date, 6, 2) as insertDate
		<foreach item="item" collection="list" separator=" ">	
			, SUM(CASE WHEN clas_a = #{item.id} THEN d_c END) AS ${item.subName}		
		</foreach> 		
		
		FROM tb_used u
		left join tb_equip_cate ec on ec.id=u.equip_cate
		
		WHERE 
		ec.energy_id=#{energy} AND
		(SUBSTR(u.insert_date, 6, 2) >='01' AND SUBSTR(u.insert_date, 6, 2) <![CDATA[<=]]> '02') AND
		SUBSTR(u.insert_date, 1, 4) = SUBSTR(date_add((#{date}), interval 1 year), 1, 4) AND 
		u.item=1
		GROUP BY SUBSTR(u.insert_date, 1, 7);  
    </select>
    
    <select id="getMonthChartList" resultType="city.beans.Cl"> 
		SELECT  
		SUBSTR(u.insert_date, 6, 2) as insertDate
		<foreach item="item" collection="list" separator=" ">	
			, SUM(CASE WHEN clas_a = #{item.id} THEN d_c END) AS ${item.subName}		
		</foreach> 
				
		FROM tb_used u
		left join tb_equip_cate ec on ec.id=u.equip_cate
		
		WHERE 
		ec.energy_id=#{energy} AND
		SUBSTR(u.insert_date, 1, 4) = SUBSTR(#{date}, 1, 4) AND 
		u.item=1
		GROUP BY SUBSTR(u.insert_date, 1, 7)  	
    </select>
    
</mapper>