<?xml version="1.0" encoding="UTF-8"?>
<!DOCTYPE mapper PUBLIC "-//mybatis.org//DTD Mapper 3.0//EN" "http://mybatis.org/dtd/mybatis-3-mapper.dtd">

<mapper namespace="city.dao.mapper.WeatherMapper">

    <select id="getCompanyLocationById" resultType="city.web.weather.Location">
        SELECT  A.id, 
                B.nx, 
                B.ny
        FROM    TB_LOCATION A, TB_CODE_ADDRESS B
        WHERE   A.domain_id = #{domainId}
                AND A.id = #{workspaceId}
                AND A.address_id = B.id
    </select>

    <select id="getLocationList" resultType="city.web.weather.Location">
        SELECT  B.nx,
                B.ny
        FROM    (
            SELECT  *
            FROM    TB_LOCATION
            WHERE   depth_id = 3
        ) A
        INNER JOIN TB_CODE_ADDRESS B
        ON  A.address_id = B.id
        group by nx, ny 
    </select>
    
    <insert id="insertWeatherInfo">
        INSERT INTO TB_WEATHER
                    (nx, ny, sky, precipitation, thunderstroke, temp, rain, humidity, insert_date)
        VALUES      (#{location.nx}, #{location.ny}, #{weather.sky}, #{weather.precipitation}, #{weather.thunderstroke}, #{weather.temp}, #{weather.rain}, #{weather.humidity}, now())
    </insert>
    
    <select id="getWeatherForCurrent" resultType="city.web.weather.Weather">
        SELECT  DATE_FORMAT(now(), '%Y-%m-%d') AS date,
                DATE_FORMAT(now(), '%H:%i') AS time,
                sky,
                precipitation,
                thunderstroke,
                temp,
                rain,
                humidity
        FROM    (
            SELECT  address_id
            FROM    TB_LOCATION 
            WHERE   id = #{workspaceId}
        ) A
        INNER JOIN TB_CODE_ADDRESS CA
        ON  A.address_id = CA.id
        LEFT OUTER JOIN TB_WEATHER W
        ON  CA.nx = W.nx
            AND CA.ny = W.ny
        ORDER BY insert_date DESC
        LIMIT   1
    </select>
</mapper>